{
  "surface": [
    4020.00046, 4033.67781, 4047.35516, 4061.03251, 4074.70986, 4088.38721,
    4102.06456, 4115.74191, 4129.41926, 4143.09661, 4156.77396, 4170.45131,
    4184.12866, 4197.80601, 4211.48336, 4225.16071, 4238.83806, 4252.51541,
    4266.19276, 4279.87011, 4293.54746, 4307.22481, 4320.90216, 4334.57951,
    4348.25686, 4361.93421, 4375.61156, 4389.28891, 4402.96626, 4416.64361,
    4430.32096, 4443.99831, 4457.67566, 4471.35301, 4485.03036, 4498.70771,
    4512.38506, 4526.06241, 4539.73976, 4553.41711, 4567.09446, 4580.77181,
    4594.44916, 4608.12651, 4621.80386, 4635.48121, 4649.15856, 4662.83591,
    4676.51326, 4690.19061, 4703.86796, 4717.54531, 4731.22266, 4779, 4793,
    4798, 4804, 4811, 4835, 4853, 4864, 4868, 4879, 4893, 4899, 4912, 4911,
    4903, 4912, 4920, 4940, 4960, 4980, 5020, 5038, 5041, 5037, 5041, 5051,
    5066, 5095, 5120, 5133, 5148, 5148, 5156, 5183, 5192, 5222, 5240, 5246,
    5260, 5307, 5338, 5349, 5367, 5391, 5395, 5412, 5448, 5497, 5633, 5681,
    5765, 5820, 5899
  ],
  "bed": [
    4020.00046, 4033.67781, 4047.35516, 4061.03251, 4074.70986, 4088.38721,
    4102.06456, 4115.74191, 4129.41926, 4143.09661, 4156.77396, 4170.45131,
    4184.12866, 4197.80601, 4211.48336, 4225.16071, 4238.83806, 4252.51541,
    4266.19276, 4279.87011, 4293.54746, 4307.22481, 4320.90216, 4334.57951,
    4348.25686, 4361.93421, 4375.61156, 4389.28891, 4402.96626, 4416.64361,
    4430.32096, 4443.99831, 4457.67566, 4471.35301, 4485.03036, 4498.70771,
    4512.38506, 4526.06241, 4539.73976, 4553.41711, 4567.09446, 4580.77181,
    4594.44916, 4608.12651, 4621.80386, 4635.48121, 4649.15856, 4662.83591,
    4676.51326, 4690.19061, 4703.86796, 4717.54531, 4731.22266, 4744.90001,
    4731.22266, 4715.04605, 4715.79988, 4729.16987, 4749.15437, 4758.30109,
    4755.98048, 4748.11856, 4746.29666, 4757.8414, 4768.37698, 4796.28858,
    4796.51683, 4790.30131, 4820.92385, 4828.73003, 4849.1601, 4870.0955,
    4890.96639, 4930.31186, 4941.26025, 4936.51481, 4925.41155, 4931.25333,
    4947.58064, 4976.1663, 5010.89948, 5030.79927, 5033.8358, 5042.97689,
    5047.51196, 5068.41167, 5108.45155, 5119.77618, 5145.38629, 5160.74284,
    5165.9232, 5185.19987, 5240.99303, 5276.01917, 5286.06573, 5298.60711,
    5320.9469, 5323.7048, 5349.3049, 5398.31252, 5453.62077, 5593.00961,
    5640.02792, 5723.13719, 5774.21336, 5854.98711
  ],
  "water": [
    4730.0, 4730.0, 4730.0, 4730.0, 4730.0, 4730.0, 4730.0, 4730.0, 4730.0,
    4730.0, 4730.0, 4730.0, 4730.0, 4730.0, 4730.0, 4730.0, 4730.0, 4730.0,
    4730.0, 4730.0, 4730.0, 4730.0, 4730.0, 4730.0, 4730.0, 4730.0, 4730.0,
    4730.0, 4730.0, 4730.0, 4730.0, 4730.0, 4730.0, 4730.0, 4730.0, 4730.0,
    4730.0, 4730.0, 4730.0, 4730.0, 4730.0, 4730.0, 4730.0, 4730.0, 4730.0,
    4730.0, 4730.0, 4730.0, 4730.0, 4730.0, 4730.0, 4730.0, 4730.0, 4730.0,
    4730.0, 4730.0, 4730.0, 4730.0, 4749.15437, 4758.30109, 4755.98048,
    4748.11856, 4746.29666, 4757.8414, 4768.37698, 4796.28858, 4796.51683,
    4790.30131, 4820.92385, 4828.73003, 4849.1601, 4870.0955, 4890.96639,
    4930.31186, 4941.26025, 4936.51481, 4925.41155, 4931.25333, 4947.58064,
    4976.1663, 5010.89948, 5030.79927, 5033.8358, 5042.97689, 5047.51196,
    5068.41167, 5108.45155, 5119.77618, 5145.38629, 5160.74284, 5165.9232,
    5185.19987, 5240.99303, 5276.01917, 5286.06573, 5298.60711, 5320.9469,
    5323.7048, 5349.3049, 5398.31252, 5453.62077, 5593.00961, 5640.02792,
    5723.13719, 5774.21336, 5854.98711
  ]
}
